ID,target_shape,target_X,target_Y,D00_X,D00_Y,D00_SHAPE,D00_DIST,D01_X,D01_Y,D01_SHAPE,D01_DIST,D02_X,D02_Y,D02_SHAPE,D02_DIST,D03_SHAPE,D03_X,D03_Y,D03_DIST,answer,square,triangle,heart,star
0,x,140,872,25,25,square,854.7713144461505,25,875,triangle,115.03912377969506,875,25,heart,1121.4428206556051,star,875.0,875.0,735.0061224234802,triangle,23.375,47.0,26.125,27.75
1,x,267,685,25,25,square,702.9679935815001,25,875,triangle,307.67515336796373,875,25,heart,897.3650316342843,star,875.0,875.0,636.996075341128,triangle,22.0,44.75,24.875,25.375
2,x,664,820,25,25,square,1019.9735290682792,25,875,triangle,641.3626119442885,875,25,heart,822.5241637787914,star,875.0,875.0,218.05045287731,star,21.75,41.75,30.625,53.25
3,x,741,208,25,25,square,739.0162379812774,25,875,triangle,978.5422831947528,875,25,heart,226.81490250863143,star,875.0,875.0,680.3271271969096,star,31.75,36.75,35.75,54.25
4,x,296,456,25,25,square,509.1188466360286,25,875,triangle,499.001002003002,875,25,heart,721.8046827224107,star,875.0,875.0,714.7041345899714,triangle,32.75,57.75,38.25,36.5
5,x,800,666,25,25,square,1005.7365460198808,25,875,triangle,802.6867383979879,875,25,heart,645.3727605035713,star,875.0,875.0,222.0495440211486,star,17.0,25.875,23.0,43.25
6,x,494,46,25,25,square,469.46991383900206,25,875,triangle,952.471521883988,875,25,heart,381.5783012698705,star,875.0,875.0,912.3606742949852,heart,40.5,40.25,56.0,30.5
7,x,395,623,25,25,square,703.2097837772168,25,875,triangle,447.6650533602104,875,25,heart,766.8141887054517,star,875.0,875.0,542.1291359076728,triangle,28.0,52.75,34.0,37.25
8,x,840,737,25,25,square,1082.2056181705952,25,875,triangle,826.600871037528,875,25,heart,712.8597337485124,star,875.0,875.0,142.36923825040296,star,14.3125,19.125,18.75,41.0
9,x,193,534,25,25,square,536.0083954566384,25,875,triangle,380.13813278859567,875,25,heart,851.002350173018,star,875.0,875.0,762.4991803274282,star,31.125,38.25,33.25,52.5
10,x,608,423,25,25,square,705.8987179475537,25,875,triangle,737.6943811633649,875,25,heart,479.2629758285111,star,875.0,875.0,524.9695229249028,triangle,31.375,55.0,37.25,39.0
11,x,783,73,25,25,square,759.5182683780555,25,875,triangle,1103.525260245546,875,25,heart,103.76897416858276,star,875.0,875.0,807.2595617272056,heart,20.25,23.625,42.5,24.5
12,x,786,376,25,25,square,838.0465380872354,25,875,triangle,910.0120878318046,875,25,heart,362.1077187799233,star,875.0,875.0,506.8747379777375,star,23.75,30.25,29.0,49.75
13,x,403,604,25,25,square,691.4658342969666,25,875,triangle,465.1075144523038,875,25,heart,747.010709427917,star,875.0,875.0,544.2655601817921,triangle,25.25,48.0,29.375,28.75
14,x,101,94,25,25,square,102.6498904042279,25,875,triangle,784.6891104125251,875,25,heart,777.0694949616798,star,875.0,875.0,1099.562185599341,square,48.75,33.25,28.875,16.625
15,x,701,840,25,25,square,1058.8677915585115,25,875,triangle,676.9054586868095,875,25,heart,833.3672659758122,star,875.0,875.0,177.48521065147935,star,16.375,27.75,24.0,46.0
16,x,175,388,25,25,square,392.7709256042255,25,875,triangle,509.5772757884716,875,25,heart,788.5233033969256,star,875.0,875.0,852.7420477494938,triangle,33.5,54.5,32.75,40.0
17,x,784,327,25,25,square,816.8751434582889,25,875,triangle,936.1543676125216,875,25,heart,315.41242841714404,star,875.0,875.0,555.5042754110899,star,27.25,31.625,30.625,51.0
18,x,628,323,25,25,square,672.6165326543795,25,875,triangle,817.5041284299425,875,25,heart,387.05684337058295,star,875.0,875.0,604.7420937887489,star,26.125,34.0,34.25,53.0
19,x,671,521,25,25,square,814.4519629787874,25,875,triangle,736.6355951214956,875,25,heart,536.3133412474465,star,875.0,875.0,408.5731268695972,star,24.625,35.75,30.875,50.0
20,x,865,691,25,25,square,1071.9869402189563,25,875,triangle,859.9162749942578,875,25,heart,666.0750708441204,star,875.0,875.0,184.27153876819932,star,14.25,20.875,19.875,43.0
21,x,185,608,25,25,square,604.5568625034373,25,875,triangle,311.2699792784392,875,25,heart,903.3210946280398,star,875.0,875.0,739.8574186963323,triangle,27.75,49.25,29.875,29.625
22,x,180,490,25,25,square,490.1530373260988,25,875,triangle,415.0301193889426,875,25,heart,836.2116956847709,star,875.0,875.0,794.5124291035352,triangle,28.125,50.75,30.0,30.75
23,x,736,416,25,25,square,811.4197434127419,25,875,triangle,846.2871852982296,875,25,heart,414.9722882313951,star,875.0,875.0,479.5852374708796,star,28.5,38.75,33.0,52.75
24,x,822,831,25,25,square,1133.5100352445054,25,875,triangle,798.2136305526234,875,25,heart,807.7406762074075,star,875.0,875.0,68.8839603971781,star,16.75,21.375,20.375,44.5
25,x,756,540,25,25,square,894.1957280148457,25,875,triangle,804.1057144430699,875,25,heart,528.569768337161,star,875.0,875.0,355.5080871091401,star,23.25,29.625,28.375,48.75
26,x,359,844,25,25,square,884.4868568836962,25,875,triangle,335.43553777141744,875,25,heart,967.996384290768,star,875.0,875.0,516.930362814954,triangle,24.375,47.75,26.625,29.125
27,x,553,506,25,25,square,714.2443559454986,25,875,triangle,644.162246642878,875,25,heart,578.8307179132773,star,875.0,875.0,489.7397267937328,triangle,28.125,50.25,30.75,30.75
28,x,860,422,25,25,square,924.5723335683368,25,875,triangle,949.9652625227936,875,25,heart,397.2832742515093,star,875.0,875.0,453.2482763342846,star,18.5,24.375,26.25,45.5
29,x,604,684,25,25,square,877.2240306785947,25,875,triangle,609.6900852072305,875,25,heart,712.5461388569865,star,875.0,875.0,331.5448687583628,triangle,21.625,43.75,24.75,24.0
30,x,873,374,25,25,square,917.008724058828,25,875,triangle,984.9390844108076,875,25,heart,349.0057306119772,star,875.0,875.0,501.0039920000638,star,25.375,33.0,33.75,51.75
31,x,341,592,25,25,square,649.1109304271497,25,875,triangle,424.19924563817887,875,25,heart,778.8741875296677,star,875.0,875.0,604.3550281084787,triangle,28.5,52.0,33.75,32.25
32,x,246,795,25,25,square,801.0873859948115,25,875,triangle,235.03404008781365,875,25,heart,994.2539916942752,star,875.0,875.0,634.0670311568012,triangle,24.5,47.0,26.875,26.875
33,x,395,516,25,25,square,614.8015940122472,25,875,triangle,515.5395232181525,875,25,heart,686.644740750266,star,875.0,875.0,599.4005338669627,triangle,28.625,49.5,30.625,29.125
34,x,696,397,25,25,square,767.2190039356428,25,875,triangle,823.8476800962663,875,25,heart,412.82562904936026,star,875.0,875.0,510.4164965986111,star,27.5,36.25,34.0,53.5
35,x,436,536,25,25,square,655.7758763480097,25,875,triangle,532.7682422967796,875,25,heart,673.6779646092041,star,875.0,875.0,554.6548476304881,star,28.875,36.5,32.75,52.0
36,x,792,654,25,25,square,991.9324573780212,25,875,triangle,798.204234516455,875,25,heart,634.452519894121,star,875.0,875.0,236.07202290826416,star,15.3125,22.0,21.25,42.5
37,x,640,43,25,25,square,615.2633582458816,25,875,triangle,1034.625052857314,875,25,heart,235.68835355188853,star,875.0,875.0,864.5513287249057,heart,29.25,31.375,48.25,29.75
38,x,164,693,25,25,square,682.3085812152739,25,875,triangle,229.0087334579186,875,25,heart,975.5741899004912,star,875.0,875.0,733.9243830259354,triangle,24.375,45.75,25.25,25.25
39,x,651,243,25,25,square,662.872536767062,25,875,triangle,889.5504482602435,875,25,heart,312.5699921617557,star,875.0,875.0,670.5221845696084,star,31.125,37.0,39.0,54.75
40,x,330,608,25,25,square,657.9620049820506,25,875,triangle,405.3566331022597,875,25,heart,798.0689193296529,star,875.0,875.0,606.8887871760361,star,26.0,35.5,32.0,49.75
41,x,323,50,25,25,square,299.0468190768797,25,875,triangle,877.1710209531549,875,25,heart,552.5658331818934,star,875.0,875.0,992.6373960314008,triangle,38.5,55.25,39.0,31.25
42,x,148,160,25,25,square,182.6307750626931,25,875,triangle,725.5025844199316,875,25,heart,739.4281574297803,star,875.0,875.0,1019.6832841622931,triangle,32.0,51.75,31.5,28.375
43,x,321,269,25,25,square,383.60396244043153,25,875,triangle,674.4271643402274,875,25,heart,605.3527897020051,star,875.0,875.0,821.0675977043546,star,31.25,38.25,34.25,54.0
44,x,147,493,25,25,square,483.6403622527797,25,875,triangle,401.00872808456427,875,25,heart,865.4524828088483,star,875.0,875.0,822.1362417507211,triangle,27.25,48.5,29.0,28.25
45,x,437,256,25,25,square,472.3399199728941,25,875,triangle,743.5758199403743,875,25,heart,495.1817848023088,star,875.0,875.0,758.2908413003549,heart,38.5,44.0,57.25,39.75
46,x,129,76,25,25,square,115.83177456984762,25,875,triangle,805.740032516692,875,25,heart,747.7412654120408,star,875.0,875.0,1093.1225914781928,square,45.0,26.5,25.75,15.1875
47,x,308,78,25,25,square,287.9201278132531,25,875,triangle,845.7529190017614,875,25,heart,569.4716849853029,star,875.0,875.0,978.1094008340784,triangle,33.25,54.0,36.0,32.75
48,x,759,790,25,25,square,1060.1797017487177,25,875,triangle,738.9052713305001,875,25,heart,773.7447899663041,star,875.0,875.0,143.80890097626084,star,13.375,18.875,19.0,42.25
49,x,118,724,25,25,square,705.1595564125895,25,875,triangle,177.341478509682,875,25,heart,1030.3640133467395,star,875.0,875.0,771.9132075563936,triangle,23.0,45.5,25.625,23.125
50,x,808,558,25,25,square,947.194805729001,25,875,triangle,844.7354615499459,875,25,heart,537.1945643805417,star,875.0,875.0,324.0030864050526,star,27.5,39.25,31.5,51.5
51,x,100,589,25,25,square,568.9648495293887,25,875,triangle,295.67042462850424,875,25,heart,958.499347939267,star,875.0,875.0,826.0877677341555,triangle,28.25,48.75,31.625,26.875
52,x,189,351,25,25,square,364.9273900380732,25,875,triangle,549.0646592160163,875,25,heart,759.520901621542,star,875.0,875.0,863.2334562561856,triangle,25.75,48.75,28.25,29.125
53,x,363,86,25,25,square,343.4603324985289,25,875,triangle,858.3501616473314,875,25,heart,515.6209848328518,star,875.0,875.0,940.5663187675816,star,36.0,42.75,38.25,53.25
54,x,304,712,25,25,square,741.4917396707801,25,875,triangle,323.12536266904215,875,25,heart,893.3140545183423,star,875.0,875.0,593.8097338373631,triangle,21.125,43.5,23.5,24.625
55,x,556,549,25,25,square,746.0140749342468,25,875,triangle,623.0866713387472,875,25,heart,613.4631203259084,star,875.0,875.0,456.11073216928366,triangle,29.125,50.0,31.375,29.75
56,x,96,418,25,25,square,399.3619911809335,25,875,triangle,462.4824320987771,875,25,heart,872.5193407598481,star,875.0,875.0,903.155579067084,triangle,26.25,48.25,28.0,26.5
57,x,511,374,25,25,square,598.3285050872973,25,875,triangle,697.9949856553412,875,25,heart,504.2786927880257,star,875.0,875.0,619.2713460188514,star,31.125,36.5,37.5,53.75
58,x,664,296,25,25,square,694.090772161682,25,875,triangle,862.3004116895689,875,25,heart,343.45596515419555,star,875.0,875.0,616.248326569736,heart,24.25,32.75,52.0,34.5
59,x,293,360,25,25,square,429.00932390800085,25,875,triangle,580.5592131729545,875,25,heart,671.5273635526702,star,875.0,875.0,777.141557246812,star,31.375,38.5,39.5,53.25
60,x,242,565,25,25,square,581.9699304946948,25,875,triangle,378.4032240877448,875,25,heart,832.0390615830485,star,875.0,875.0,704.8326042401841,star,23.375,33.25,31.125,49.0
61,x,768,83,25,25,square,745.2603571906934,25,875,triangle,1085.9617856996626,875,25,heart,121.70866854912184,star,875.0,875.0,799.195220205927,heart,16.75,17.5,40.0,21.25
62,x,644,514,25,25,square,788.8485279190169,25,875,triangle,716.5765834856733,875,25,heart,540.8160500576882,star,875.0,875.0,428.5813808368254,star,27.875,35.75,35.0,51.5
63,x,366,250,25,25,square,408.54130758100825,25,875,triangle,711.9733141066455,875,25,heart,556.5123538610801,star,875.0,875.0,806.0434231479096,triangle,37.25,56.25,38.5,38.5
64,x,336,478,25,25,square,549.4815738493876,25,875,triangle,504.3114117289039,875,25,heart,704.0809612537468,star,875.0,875.0,669.4251265078119,triangle,29.375,52.0,33.0,32.5
65,x,668,103,25,25,square,647.7136713085497,25,875,triangle,1004.7054294667666,875,25,heart,221.2080468699093,star,875.0,875.0,799.2702922040828,heart,31.625,33.5,53.5,32.75
66,x,313,210,25,25,square,342.29957639471303,25,875,triangle,724.6854490052908,875,25,heart,591.666291079693,star,875.0,875.0,870.6715798738351,triangle,36.25,57.5,40.75,40.75
67,x,396,590,25,25,square,675.9186341565085,25,875,triangle,467.8311661272686,875,25,heart,740.7199200777578,star,875.0,875.0,557.3742010534754,triangle,24.25,46.0,27.875,26.625
68,x,649,61,25,25,square,625.03759886906,25,875,triangle,1025.656862698242,875,25,heart,228.84929538890876,star,875.0,875.0,844.7910984379511,heart,31.125,36.5,52.0,32.25
69,x,549,249,25,25,square,569.8701606506521,25,875,triangle,816.3651143942886,875,25,heart,395.5401370278369,star,875.0,875.0,705.7988381968336,star,34.0,40.75,36.25,54.0
70,x,287,39,25,25,square,262.373779177722,25,875,triangle,876.0936023051419,875,25,heart,588.1666430528002,star,875.0,875.0,1022.076318089799,triangle,38.5,55.0,38.5,32.25
71,x,448,733,25,25,square,824.7381402602889,25,875,triangle,446.19838637090567,875,25,heart,826.7968311501926,star,875.0,875.0,449.9922221550057,triangle,23.75,46.75,26.375,26.875
72,x,227,300,25,25,square,341.21693979050923,25,875,triangle,609.4497518253659,875,25,heart,703.938207515404,star,875.0,875.0,866.330768240399,triangle,34.5,56.75,36.25,36.25
73,x,364,635,25,25,square,697.8688988628165,25,875,triangle,415.356473405676,875,25,heart,795.7518457408692,star,875.0,875.0,564.553806115945,triangle,24.625,46.25,27.875,27.5
74,x,174,138,25,25,square,187.00267377767625,25,875,triangle,751.9108989767338,875,25,heart,710.0492940634474,star,875.0,875.0,1017.138142043646,triangle,29.5,48.5,27.5,25.0
75,x,721,80,25,25,square,698.1697501324445,25,875,triangle,1056.6177170575932,875,25,heart,163.52675622050356,star,875.0,875.0,809.7783647393896,heart,32.25,36.25,52.5,30.75
76,x,305,359,25,25,square,435.83941997024544,25,875,triangle,587.0741009446763,875,25,heart,660.6481665758257,star,875.0,875.0,768.8666984594923,star,28.875,36.25,33.75,53.75
77,x,711,647,25,25,square,926.002159824695,25,875,triangle,722.8969497791508,875,25,heart,643.2573357529628,star,875.0,875.0,280.8558349046713,star,24.375,36.25,30.375,50.5
78,x,235,186,25,25,square,264.6148144001012,25,875,triangle,720.2923017775491,875,25,heart,659.9401488013895,star,875.0,875.0,940.38343243594,square,56.0,42.25,35.25,35.25
79,x,763,341,25,25,square,802.8075734570521,25,875,triangle,910.9335870413386,875,25,heart,335.2610922848042,star,875.0,875.0,545.6189146281496,triangle,28.5,53.75,34.75,38.0
80,x,31,648,25,25,square,623.0288917859267,25,875,triangle,227.07928130941409,875,25,heart,1049.0305047995507,star,875.0,875.0,873.9937070711665,triangle,23.625,44.75,25.0,21.25
81,x,602,753,25,25,square,928.9311061644992,25,875,triangle,589.7567295080235,875,25,heart,777.5043408238953,star,875.0,875.0,299.02006621629926,triangle,23.375,45.75,26.375,26.125
82,x,312,556,25,25,square,603.5975480400828,25,875,triangle,429.1037170661657,875,25,heart,773.9056790074615,star,875.0,875.0,647.0935017445315,triangle,22.625,43.75,26.0,24.875
83,x,105,57,25,25,square,86.16263691415206,25,875,triangle,821.9026706368583,875,25,heart,770.6646482095828,star,875.0,875.0,1123.3984155231838,square,45.5,26.75,25.5,17.75
84,x,27,410,25,25,square,385.0051947701485,25,875,triangle,465.0043010553773,875,25,heart,931.3049983759348,star,875.0,875.0,967.1240871780622,triangle,25.125,46.25,26.0,23.5
85,x,103,31,25,25,square,78.23042886243178,25,875,triangle,847.5966021640247,875,25,heart,772.0233157100892,star,875.0,875.0,1143.8181673675235,square,41.0,21.875,20.75,13.8125
86,x,504,623,25,25,square,766.1886190749639,25,875,triangle,541.2439376103903,875,25,heart,703.7364563528025,star,875.0,875.0,448.4919174299577,triangle,23.5,45.0,27.375,25.125
87,x,136,818,25,25,square,800.7309161010332,25,875,triangle,124.77980605851252,875,25,heart,1083.960331377491,star,875.0,875.0,741.1949810947184,triangle,21.625,46.75,24.625,27.5
88,x,720,420,25,25,square,799.4060294994027,25,875,triangle,830.6924822098729,875,25,heart,424.3229901855425,star,875.0,875.0,480.6766064621826,star,24.25,32.25,33.75,51.5
89,x,387,461,25,25,square,566.692156289462,25,875,triangle,549.945451840453,875,25,heart,654.4004889973723,star,875.0,875.0,639.9531232832605,triangle,33.75,56.0,37.5,37.0
90,x,183,715,25,25,square,707.858742970658,25,875,triangle,224.86440358580543,875,25,heart,977.2225949086524,star,875.0,875.0,710.2562917707945,triangle,22.75,46.25,24.625,24.75
91,x,643,629,25,25,square,864.1411921671134,25,875,triangle,665.1616344919481,875,25,heart,647.0239562798274,star,875.0,875.0,338.1419820134731,star,26.125,34.5,31.375,50.75
92,x,585,864,25,25,square,1008.7224593514312,25,875,triangle,560.1080252951211,875,25,heart,887.7054691731937,star,875.0,875.0,290.2085457046363,star,21.625,31.0,27.125,46.5
93,x,698,304,25,25,square,728.5396351606411,25,875,triangle,882.5927713277512,875,25,heart,330.4088376542008,star,875.0,875.0,597.8043158091116,star,30.75,37.25,38.5,55.75
94,x,191,241,25,25,square,272.4187952399761,25,875,triangle,655.3716502870718,875,25,heart,717.2949184261659,star,875.0,875.0,932.6371212856584,triangle,37.0,57.25,37.75,36.25
95,x,219,678,25,25,square,681.2084849735799,25,875,triangle,276.4868893817571,875,25,heart,925.605207418368,star,875.0,875.0,684.9416033502418,triangle,24.5,45.0,26.375,26.0
96,x,754,762,25,25,square,1036.6339759047066,25,875,triangle,737.7059034601797,875,25,heart,746.86678865779,star,875.0,875.0,165.55965692160635,star,14.125,19.25,19.0,41.5
97,x,435,325,25,25,square,508.0354318352215,25,875,triangle,686.0029154456998,875,25,heart,532.5410782277739,star,875.0,875.0,704.3436661176133,star,26.875,32.0,36.0,52.25
98,x,553,528,25,25,square,729.2413866477958,25,875,triangle,631.8172204047623,875,25,heart,597.2378085821426,star,875.0,875.0,473.3846216344591,triangle,32.5,54.5,37.5,38.5
99,x,39,590,25,25,square,565.173424711389,25,875,triangle,285.3436524613785,875,25,heart,1009.019821410858,star,875.0,875.0,883.2445867368789,triangle,27.25,47.25,30.75,25.875
100,x,217,838,25,25,square,835.3639925206257,25,875,triangle,195.5326059765992,875,25,heart,1045.9125202424914,star,875.0,875.0,659.0394525367961,triangle,25.625,48.5,26.5,29.0
101,x,593,296,25,25,square,629.3369526732083,25,875,triangle,811.0887744260797,875,25,heart,391.10740212887816,star,875.0,875.0,644.0225151343701,heart,33.0,39.25,55.5,38.25
102,x,296,49,25,25,square,272.0606550017845,25,875,triangle,869.3198490774267,875,25,heart,579.4971958517142,star,875.0,875.0,1008.7204766435548,square,49.75,39.25,34.25,25.375
103,x,557,309,25,25,square,603.0588694315009,25,875,triangle,776.7753858098234,875,25,heart,426.3566582100015,star,875.0,875.0,649.2149104880448,heart,31.375,35.0,55.5,36.0
104,x,870,243,25,25,square,872.6677489170778,25,875,triangle,1055.2009287334806,875,25,heart,218.05733191066977,star,875.0,875.0,632.019778171538,heart,29.0,40.5,53.75,36.0
105,x,747,197,25,25,square,742.2048234820359,25,875,triangle,990.4382868205367,875,25,heart,214.40149253211837,star,875.0,875.0,689.9768112045506,heart,30.75,36.5,53.75,38.5
106,x,413,101,25,25,square,395.3732413808502,25,875,triangle,865.8059828853113,875,25,heart,468.209354883048,star,875.0,875.0,901.3989128016518,square,58.25,45.75,44.5,38.75
107,x,721,122,25,25,square,702.7268317063182,25,875,triangle,1025.390169642756,875,25,heart,182.00274723201292,star,875.0,875.0,768.5863646982036,heart,30.5,39.5,55.75,37.0
108,x,609,623,25,25,square,835.8588397570489,25,875,triangle,636.0503124753576,875,25,heart,654.492169548269,star,875.0,875.0,366.4150651924672,triangle,29.375,54.25,37.25,36.25
109,x,287,714,25,25,square,737.1329595127327,25,875,triangle,307.514227313144,875,25,heart,905.795230722706,star,875.0,875.0,609.6433383544841,triangle,22.125,44.25,25.0,25.25
110,x,826,465,25,25,square,913.8933198136422,25,875,triangle,899.8338735566693,875,25,heart,442.7200018070112,star,875.0,875.0,412.9176673381753,star,29.875,40.5,38.5,54.25
111,x,822,253,25,25,square,828.9710489516507,25,875,triangle,1010.986152229594,875,25,heart,234.07904647789388,star,875.0,875.0,624.2539547331679,star,26.375,33.75,38.75,50.75
112,x,262,250,25,25,square,326.7935127875093,25,875,triangle,668.426510545475,875,25,heart,652.9885144472298,star,875.0,875.0,875.4393182853967,star,37.5,41.5,39.25,55.75
113,x,33,142,25,25,square,117.27318534089538,25,875,triangle,733.0436549074004,875,25,heart,850.0899952357986,star,875.0,875.0,1116.357021745284,triangle,35.25,53.25,31.375,21.0
114,x,271,681,25,25,square,700.6083071160375,25,875,triangle,313.29219588109754,875,25,heart,891.7129582999229,star,875.0,875.0,634.3910465950793,triangle,23.875,46.5,26.875,26.75
115,x,390,98,25,25,square,372.2284244922733,25,875,triangle,858.46024951654,875,25,heart,490.4630465182876,star,875.0,875.0,915.94432145191,triangle,38.25,58.0,40.5,38.75
116,x,552,709,25,25,square,863.4726399834566,25,875,triangle,552.5260174869596,875,25,heart,756.4291110209865,star,875.0,875.0,363.1597444651596,triangle,24.375,47.0,26.875,27.25
117,x,115,207,25,25,square,203.0369424513677,25,875,triangle,674.0356073680381,875,25,heart,781.4883236491764,star,875.0,875.0,1011.8418848812298,triangle,27.125,49.0,27.75,26.875
118,x,518,540,25,25,square,712.9333769715091,25,875,triangle,596.0486557320636,875,25,heart,626.6370560380227,star,875.0,875.0,489.5651131361384,triangle,33.0,56.0,39.0,38.0
119,x,860,343,25,25,square,893.5037772723739,25,875,triangle,990.075249665398,875,25,heart,318.3535770177555,star,875.0,875.0,532.2114241539729,triangle,30.125,56.0,39.0,38.0
120,x,312,655,25,25,square,692.2925682108685,25,875,triangle,361.6199662629264,875,25,heart,844.9076872653012,star,875.0,875.0,604.457608108294,triangle,24.375,46.0,27.125,27.625
121,x,459,656,25,25,square,765.8439788886507,25,875,triangle,486.12446965772045,875,25,heart,755.7889917166034,star,875.0,875.0,470.12445160829486,triangle,27.0,51.75,32.0,33.75
122,x,596,678,25,25,square,867.438758645243,25,875,triangle,604.0281450396166,875,25,heart,710.105625945887,star,875.0,875.0,341.5406271587613,triangle,23.375,48.0,28.25,28.5
123,x,94,483,25,25,square,463.1684358848301,25,875,triangle,398.02638103522736,875,25,heart,905.386657732485,star,875.0,875.0,873.8563955250313,triangle,26.5,48.5,26.75,26.125
124,x,437,844,25,25,square,916.790597683026,25,875,triangle,413.1646161035574,875,25,heart,928.765309429675,star,875.0,875.0,439.09566155907305,triangle,23.625,48.0,26.5,29.125
125,x,572,752,25,25,square,909.8010771591776,25,875,triangle,560.6585413600689,875,25,heart,787.615388371761,star,875.0,875.0,327.0137611783333,triangle,23.75,45.75,27.125,27.0
126,x,144,697,25,25,square,682.4551267299557,25,875,triangle,214.11445537375565,875,25,heart,992.9476320531712,star,875.0,875.0,752.3596214577175,triangle,23.25,44.5,24.75,23.25
127,x,812,522,25,25,square,930.7942844689152,25,875,triangle,862.5415932000033,875,25,heart,500.9770453823209,star,875.0,875.0,358.57774610257115,star,22.0,28.375,27.625,48.0
128,x,863,93,25,25,square,840.7544231224716,25,875,triangle,1146.1971907137097,875,25,heart,69.05070600652827,star,875.0,875.0,782.0920661916984,heart,17.875,17.875,42.0,18.875
129,x,634,360,25,25,square,695.0582709384876,25,875,triangle,797.5625367330138,875,25,heart,412.68147523241214,star,875.0,875.0,568.6000351741108,star,29.5,36.25,34.0,53.5
130,x,388,849,25,25,square,900.4137937637339,25,875,triangle,363.9299383123076,875,25,heart,957.1546374541576,star,875.0,875.0,487.6935513209089,triangle,22.5,48.0,26.875,29.875
131,x,484,273,25,25,square,521.7135229223027,25,875,triangle,757.0237776979003,875,25,heart,463.0172782953137,star,875.0,875.0,717.833546165126,heart,30.5,35.5,52.75,34.0
132,x,274,675,25,25,square,696.0610605399501,25,875,triangle,319.37595401031683,875,25,heart,885.2688857064841,star,875.0,875.0,633.4042942702551,triangle,22.75,45.5,25.125,24.5
133,x,798,195,25,25,square,791.4726779870547,25,875,triangle,1029.5285328731788,875,25,heart,186.62529303392932,star,875.0,875.0,684.3456728876131,star,26.625,34.5,38.5,52.25
134,x,526,374,25,25,square,610.5751387012085,25,875,triangle,708.5209947489207,875,25,heart,493.5605332682102,star,875.0,875.0,610.5751387012085,star,31.375,33.25,34.75,52.0
135,x,571,834,25,25,square,976.0107581374295,25,875,triangle,547.5372133471843,875,25,heart,864.2320290292416,star,875.0,875.0,306.7523431043356,star,21.25,28.875,23.75,46.25
136,x,621,244,25,25,square,634.9622035995528,25,875,triangle,867.9729258450404,875,25,heart,335.37590849671955,star,875.0,875.0,680.2036459767031,triangle,32.5,56.25,36.5,39.75
137,x,579,165,25,25,square,571.4157855712423,25,875,triangle,900.5642675567358,875,25,heart,327.438543852125,star,875.0,875.0,769.2307846153844,triangle,38.0,55.75,40.0,40.75
138,x,130,707,25,25,square,690.0355063328263,25,875,triangle,198.1136037731887,875,25,heart,1010.0242571344512,star,875.0,875.0,763.7074047041838,triangle,23.0,46.25,24.5,23.625
139,x,741,805,25,25,square,1058.79931998467,25,875,triangle,719.4136501346079,875,25,heart,791.426560079961,star,875.0,875.0,151.18200951171406,star,14.5625,23.25,20.625,42.75
140,x,263,242,25,25,square,322.0760779691656,25,875,triangle,676.2640017034768,875,25,heart,649.3327344281975,star,875.0,875.0,880.4731682453476,triangle,37.5,57.25,38.0,38.0
141,x,510,657,25,25,square,796.6486050951197,25,875,triangle,531.741478540089,875,25,heart,729.8280619433593,star,875.0,875.0,425.1458573242835,star,25.75,32.5,30.25,49.5
142,x,120,688,25,25,square,669.7716028617517,25,875,triangle,209.74746720759228,875,25,heart,1004.7855492591442,star,875.0,875.0,777.8136023495604,triangle,23.375,45.75,24.25,21.75
143,x,339,517,25,25,square,583.6608604318093,25,875,triangle,476.1932380872286,875,25,heart,727.5713023477493,star,875.0,875.0,644.5618666970611,triangle,27.125,51.25,32.5,34.0
144,x,755,668,25,25,square,972.8047080478178,25,875,triangle,758.7812596526089,875,25,heart,654.1016740538125,star,875.0,875.0,239.26763257908496,star,17.625,23.75,22.875,42.75
145,x,549,573,25,25,square,758.2084146196216,25,875,triangle,604.7974867672649,875,25,heart,637.6362599476288,star,875.0,875.0,444.3872185380673,triangle,22.875,44.25,26.375,25.125
146,x,485,230,25,25,square,503.6119537898202,25,875,triangle,792.2278712592735,875,25,heart,440.5961870012041,star,875.0,875.0,753.7406715840667,star,32.5,36.25,40.25,54.0
147,x,830,705,25,25,square,1053.767052056573,25,875,triangle,822.7545198903498,875,25,heart,681.4873439763941,star,875.0,875.0,175.85505395068975,star,13.25,19.0,18.125,42.5
148,x,139,214,25,25,square,220.7192787229969,25,875,triangle,670.7585258496533,875,25,heart,759.8795957255334,star,875.0,875.0,989.2507265602588,triangle,27.875,50.5,28.75,29.25
149,x,639,151,25,25,square,626.7950223159083,25,875,triangle,949.3007953225364,875,25,heart,267.5294376325716,star,875.0,875.0,761.4932698323735,star,32.5,36.25,35.75,54.5
150,x,120,647,25,25,square,629.2130005014201,25,875,triangle,247.0,875,25,heart,978.217256032626,star,875.0,875.0,788.6754719147795,triangle,27.0,48.5,29.5,25.5
151,x,667,806,25,25,square,1011.0019782374316,25,875,triangle,645.6972975009265,875,25,heart,808.2233602167163,star,875.0,875.0,219.14607000811125,triangle,24.875,50.0,30.125,33.0
152,x,521,244,25,25,square,542.1964588597015,25,875,triangle,802.6063792420292,875,25,heart,416.2655402504512,star,875.0,875.0,723.5171041516572,heart,32.0,36.25,51.75,37.5
153,x,754,377,25,25,square,809.5338164647602,25,875,triangle,882.8618238433464,875,25,heart,372.21633494514987,star,875.0,875.0,512.4890242727155,star,23.625,29.625,32.25,50.75
154,x,412,852,25,25,square,913.0706434882244,25,875,triangle,387.68286008024654,875,25,heart,947.7858407889412,star,875.0,875.0,463.57092229776447,triangle,22.125,44.25,24.25,25.0
155,x,249,759,25,25,square,767.4190511057176,25,875,triangle,252.253840406841,875,25,heart,964.6926971839272,star,875.0,875.0,636.6568934677454,triangle,24.75,47.25,27.375,28.5
156,x,786,434,25,25,square,863.945600139268,25,875,triangle,879.5464740421622,875,25,heart,418.5713798147217,star,875.0,875.0,449.8910979337111,star,19.75,28.75,26.875,47.25
157,x,466,536,25,25,square,674.9829627479496,25,875,triangle,556.2391571976932,875,25,heart,654.5242547071881,star,875.0,875.0,531.2268818499305,star,28.125,38.5,34.5,52.5
158,x,350,491,25,25,square,568.1381874157026,25,875,triangle,503.07156548546845,875,25,heart,701.9836180424726,star,875.0,875.0,650.4467695361396,triangle,22.5,43.75,25.25,22.75
159,x,551,158,25,25,square,542.5541447634513,25,875,triangle,889.2496837221815,875,25,heart,350.2356349659469,star,875.0,875.0,786.8068377943852,star,39.0,40.75,38.75,55.25
160,x,82,108,25,25,square,100.687635785135,25,875,triangle,769.1150759151715,875,25,heart,797.3318004444574,star,875.0,875.0,1103.2397744824104,triangle,39.75,55.0,32.5,19.875
161,x,88,65,25,25,square,74.62573282722254,25,875,triangle,812.4463059181204,875,25,heart,788.0158627845001,star,875.0,875.0,1129.366636659681,square,44.25,25.125,22.625,15.0
162,x,853,483,25,25,square,946.2283022611404,25,875,triangle,916.1047974986268,875,25,heart,458.5280798380836,star,875.0,875.0,392.6168615839111,star,21.875,29.625,30.5,47.75
163,x,320,66,25,25,square,297.8355250805384,25,875,triangle,861.1074265154145,875,25,heart,556.5123538610801,star,875.0,875.0,981.0739013958124,triangle,33.25,52.0,34.5,32.5
164,x,349,269,25,25,square,405.6007889538678,25,875,triangle,687.1768331368571,875,25,heart,579.8379083847485,star,875.0,875.0,802.4412751098986,triangle,30.0,53.75,32.5,34.5
165,x,264,130,25,25,square,261.04788832702707,25,875,triangle,782.3975971333246,875,25,heart,619.9564500833909,star,875.0,875.0,963.5071354172734,triangle,41.25,55.25,36.75,38.75
166,x,472,153,25,25,square,464.9655901246887,25,875,triangle,849.1719496073807,875,25,heart,422.8392129403327,star,875.0,875.0,826.8573032875745,square,52.5,35.75,35.25,36.75
167,x,463,682,25,25,square,789.6157293266136,25,875,triangle,478.63660536987766,875,25,heart,775.4953255823016,star,875.0,875.0,454.9648338058668,triangle,24.125,46.5,26.625,26.625
168,x,389,171,25,25,square,392.1887300777522,25,875,triangle,792.5351727210598,875,25,heart,507.4564020681974,star,875.0,875.0,855.4601101161877,star,39.25,39.0,41.5,54.75
169,x,490,599,25,25,square,738.7157775491194,25,875,triangle,540.7411580414422,875,25,heart,691.1591712478393,star,875.0,875.0,473.7098267927319,triangle,26.875,50.5,31.125,30.5
170,x,844,572,25,25,square,984.8705498693724,25,875,triangle,873.2525407921811,875,25,heart,547.8777235843779,star,875.0,875.0,304.58168034207176,star,20.75,27.125,28.5,46.25
171,x,332,854,25,25,square,884.0192305600597,25,875,triangle,307.7174028227848,875,25,heart,991.0045408574068,star,875.0,875.0,543.4059256209855,triangle,22.125,46.25,26.25,26.75
172,x,479,591,25,25,square,725.5839027982911,25,875,triangle,535.5109709427063,875,25,heart,690.7763748131518,star,875.0,875.0,487.3109889998378,triangle,26.125,49.5,29.625,29.75
173,x,424,524,25,25,square,638.9068789737672,25,875,triangle,531.4150919949489,875,25,heart,672.6083555829499,star,875.0,875.0,571.4910323005953,triangle,31.25,53.75,34.25,34.0
174,x,287,874,25,25,square,888.5071749850982,25,875,triangle,262.0019083899963,875,25,heart,1032.736655687209,star,875.0,875.0,588.0008503395212,triangle,24.25,46.0,25.5,26.25
175,x,613,348,25,25,square,670.8748020309006,25,875,triangle,789.6030648370104,875,25,heart,415.9002284202306,star,875.0,875.0,588.5346209017783,star,28.75,32.25,37.5,51.75
176,x,31,665,25,25,square,640.0281243820461,25,875,triangle,210.08569680013915,875,25,heart,1059.2148035219295,star,875.0,875.0,869.7332924523471,triangle,22.875,45.25,23.75,22.0
177,x,286,124,25,25,square,279.1451235468748,25,875,triangle,795.0610039487536,875,25,heart,597.2620865248355,star,875.0,875.0,954.4223383806564,triangle,31.75,52.5,31.625,29.5
178,x,864,458,25,25,square,944.1451159647016,25,875,triangle,936.9151509074876,875,25,heart,433.1397003277349,star,875.0,875.0,417.1450587026053,star,28.25,39.25,40.0,53.0
179,x,262,367,25,25,square,416.0925377845654,25,875,triangle,560.5648936563902,875,25,heart,701.9494283778569,star,875.0,875.0,796.1362948641395,star,29.625,38.75,35.25,55.25
180,x,276,772,25,25,square,788.0418770598426,25,875,triangle,271.31162894354526,875,25,heart,957.5019582225408,star,875.0,875.0,607.7910825275409,triangle,22.375,45.0,24.75,25.25
181,x,361,777,25,25,square,823.6504112789601,25,875,triangle,350.0,875,25,heart,910.87869664407,star,875.0,875.0,523.2590180780452,triangle,23.875,44.0,25.375,25.125
182,x,381,603,25,25,square,678.837241170518,25,875,triangle,448.0178567869812,875,25,heart,760.3420283004222,star,875.0,875.0,563.932620088606,triangle,27.0,50.0,30.75,30.625
183,x,757,423,25,25,square,833.2034565458787,25,875,triangle,860.306921976105,875,25,heart,415.1240778369764,star,875.0,875.0,467.14879856422624,star,33.75,42.0,35.75,55.0
184,x,386,767,25,25,square,825.1575607118922,25,875,triangle,376.80897016923575,875,25,heart,888.6422227195825,star,875.0,875.0,500.78438474057873,triangle,22.75,45.75,25.0,28.25
185,x,785,391,25,25,square,843.537788128072,25,875,triangle,901.030521125672,875,25,heart,376.9031705889458,star,875.0,875.0,492.2966585301997,star,24.125,33.5,28.875,51.25
186,x,134,130,25,25,square,151.34728276384746,25,875,triangle,752.9316037994421,875,25,heart,748.4022982327085,star,875.0,875.0,1050.7644836022962,triangle,28.75,47.5,28.75,24.75
187,x,352,417,25,25,square,510.4831045196305,25,875,triangle,562.7548311654019,875,25,heart,653.6000305997545,star,875.0,875.0,695.1927790188848,triangle,27.25,51.0,30.375,30.75
188,x,230,106,25,25,square,220.42232191862965,25,875,triangle,795.8555145250926,875,25,heart,650.0661504800877,star,875.0,875.0,1003.6862059428734,triangle,29.25,48.75,27.75,27.875
189,x,498,831,25,25,square,934.539993793738,25,875,triangle,475.04210339716207,875,25,heart,889.8117778496753,star,875.0,875.0,379.5589545775465,triangle,23.5,46.25,25.625,27.125
190,x,571,805,25,25,square,952.1113380272288,25,875,triangle,550.46889103745,875,25,heart,837.1475377733605,star,875.0,875.0,311.9551249779365,triangle,24.0,46.25,26.875,28.0
191,x,734,124,25,25,square,715.8784813081058,25,875,triangle,1032.8029821800478,875,25,heart,172.28464818433474,star,875.0,875.0,764.1217180528243,triangle,32.5,54.25,41.5,35.25
192,x,351,220,25,25,square,379.8697145074874,25,875,triangle,731.6426723476427,875,25,heart,559.1073242231763,star,875.0,875.0,838.8092751037032,triangle,36.0,55.5,38.0,40.75
193,x,469,170,25,25,square,467.0770814330328,25,875,triangle,833.1632493095216,875,25,heart,431.11599367223664,star,875.0,875.0,813.5484005269755,heart,38.75,38.75,58.25,38.25
194,x,357,765,25,25,square,811.0634993636442,25,875,triangle,349.7484810546002,875,25,heart,903.285115564294,star,875.0,875.0,529.550752997293,triangle,24.5,47.0,27.125,28.0
195,x,716,383,25,25,square,778.2319705589073,25,875,triangle,848.2599837314029,875,25,heart,391.7205636675205,star,875.0,875.0,517.0541557709405,star,26.5,32.25,33.25,52.0
196,x,687,648,25,25,square,909.050603651964,25,875,triangle,699.837838359716,875,25,heart,650.7480311149624,star,875.0,875.0,294.7422602885443,triangle,25.625,47.75,29.625,28.25
197,x,44,92,25,25,square,69.6419413859206,25,875,triangle,783.2304897027439,875,25,heart,833.6965874945153,star,875.0,875.0,1141.774934039104,square,43.75,23.125,20.75,12.5625
198,x,453,50,25,25,square,428.72951846123215,25,875,triangle,929.4132557694668,875,25,heart,422.7398727349953,star,875.0,875.0,926.6655275772376,square,53.0,37.0,39.25,33.0
199,x,748,686,25,25,square,979.6172722037928,25,875,triangle,747.2951224248691,875,25,heart,673.0898899849856,star,875.0,875.0,227.705950734714,triangle,28.375,52.25,32.75,34.75
200,x,85,147,25,25,square,135.95587519485872,25,875,triangle,730.468342914325,875,25,heart,799.3647477841389,star,875.0,875.0,1074.2830167139384,triangle,26.75,46.0,26.0,20.75
201,x,505,452,25,25,square,642.4398804557513,25,875,triangle,639.7882462190126,875,25,heart,565.0035398119201,star,875.0,875.0,561.9866546458198,triangle,36.25,58.25,41.5,38.5
202,x,35,751,25,25,square,726.0688672570943,25,875,triangle,124.4025723206719,875,25,heart,1110.259429142577,star,875.0,875.0,849.1030561716286,triangle,22.375,43.25,23.875,21.125
203,x,609,376,25,25,square,681.364073018236,25,875,triangle,768.1516777303816,875,25,heart,440.4054949702604,star,875.0,875.0,565.4706004736232,star,31.25,33.75,37.25,52.75
204,x,478,194,25,25,square,483.49767321053366,25,875,triangle,817.9058625538761,875,25,heart,431.47421707443885,star,875.0,875.0,788.2702582236628,heart,34.0,32.5,53.25,35.0
205,x,813,697,25,25,square,1035.6292772995555,25,875,triangle,807.8539471959025,875,25,heart,674.8540582970513,star,875.0,875.0,188.4887264533346,star,16.0,23.375,22.5,42.25
206,x,391,565,25,25,square,652.3465336766955,25,875,triangle,479.6415328138296,875,25,heart,725.159292845372,star,875.0,875.0,574.7660393586247,triangle,24.125,45.75,27.0,27.0
207,x,320,447,25,25,square,514.8873663239369,25,875,triangle,519.8163137109108,875,25,heart,697.2151748205141,star,875.0,875.0,700.863039402136,star,37.25,43.0,39.75,55.0
208,x,578,452,25,25,square,698.6687340936332,25,875,triangle,696.231283410908,875,25,heart,520.1326753819644,star,875.0,875.0,516.8539445530042,triangle,24.75,46.5,28.625,25.375
209,x,634,196,25,25,square,632.5519741491603,25,875,triangle,912.0975824987148,875,25,heart,295.50296106807457,star,875.0,875.0,720.5012144333971,star,33.75,43.0,42.25,55.75
210,x,176,698,25,25,square,689.7318319463008,25,875,triangle,232.65854809140367,875,25,heart,970.3246879266754,star,875.0,875.0,721.0617171920861,triangle,21.625,43.75,23.25,22.375
211,x,408,320,25,25,square,483.4397583980863,25,875,triangle,674.3248475327007,875,25,heart,552.3712519673702,star,875.0,875.0,725.3371629800861,star,31.625,39.75,39.0,54.25
212,x,770,796,25,25,square,1072.1315217826589,25,875,triangle,749.1768816507888,875,25,heart,778.1169577897657,star,875.0,875.0,131.40015220691336,star,14.5625,20.75,19.5,41.25
213,x,116,856,25,25,square,835.9677027254103,25,875,triangle,92.9623579735368,875,25,heart,1125.451909234686,star,875.0,875.0,759.237775667149,triangle,21.625,47.0,24.625,24.625
214,x,138,852,25,25,square,834.6843714842156,25,875,triangle,115.31695452100702,875,25,heart,1107.7445553917205,star,875.0,875.0,737.3588000424216,triangle,23.125,47.5,26.875,27.75
215,x,689,475,25,25,square,802.1196918166265,25,875,triangle,775.1748189924645,875,25,heart,486.92504556656354,star,875.0,875.0,441.13036621842303,star,25.375,37.75,32.25,51.25
216,x,54,671,25,25,square,646.6506011750085,25,875,triangle,206.0509645694482,875,25,heart,1044.6803338820923,star,875.0,875.0,845.965129304985,triangle,21.625,44.0,23.375,22.375
217,x,847,185,25,25,square,837.4270117449042,25,875,triangle,1073.2120014237637,875,25,heart,162.43152403397562,star,875.0,875.0,690.5678822534393,heart,27.375,36.5,52.5,33.75
218,x,848,777,25,25,square,1114.824201387824,25,875,triangle,828.8142131985913,875,25,heart,752.4845513364378,star,875.0,875.0,101.65136496870072,star,13.25,19.0,18.125,43.75
219,x,463,352,25,25,square,546.6013172322218,25,875,triangle,682.182526894379,875,25,heart,525.9971482812431,star,875.0,875.0,665.7875036376096,heart,30.0,35.5,53.25,38.0
220,x,542,131,25,25,square,527.7546778570513,25,875,triangle,905.9939293394852,875,25,heart,349.4638751001311,star,875.0,875.0,815.1226901516114,star,28.5,33.5,33.25,52.0
221,x,37,490,25,25,square,465.15481293866026,25,875,triangle,385.18696758846863,875,25,heart,958.367883435166,star,875.0,875.0,922.2087616152864,triangle,27.75,49.0,28.375,28.25
222,x,150,157,25,25,square,181.79383927955317,25,875,triangle,728.7996981338563,875,25,heart,736.9185843768631,star,875.0,875.0,1020.3670908060492,triangle,32.25,50.75,30.25,28.375
223,x,470,360,25,25,square,557.0008976653448,25,875,triangle,680.6247130394253,875,25,heart,525.594901040716,star,875.0,875.0,655.1717332119877,star,28.125,30.875,34.25,51.0
224,x,386,486,25,25,square,585.527112950374,25,875,triangle,530.6995383453805,875,25,heart,672.043153376329,star,875.0,875.0,624.8535828496144,triangle,24.0,45.0,26.5,25.875
225,x,94,546,25,25,square,525.5492365135735,25,875,triangle,336.157701086856,875,25,heart,938.8301230787176,star,875.0,875.0,847.4679934959196,triangle,31.0,55.5,37.0,37.25
226,x,453,283,25,25,square,499.7479364639738,25,875,triangle,730.5121491118406,875,25,heart,494.619045326805,star,875.0,875.0,727.0130672828378,heart,31.375,35.25,53.25,38.0
227,x,542,57,25,25,square,517.9893821305607,25,875,triangle,967.6843493619187,875,25,heart,334.534004250689,star,875.0,875.0,883.183446402841,triangle,37.25,54.75,42.0,36.0
228,x,681,794,25,25,square,1010.7902848761458,25,875,triangle,660.9818454390407,875,25,heart,793.0933110296669,star,875.0,875.0,210.2308255228048,triangle,25.875,50.75,30.0,35.25
229,x,334,217,25,25,square,363.7925232876564,25,875,triangle,726.9422260400065,875,25,heart,574.0601013831217,star,875.0,875.0,851.8479911345686,star,34.25,37.0,36.25,53.25
230,x,321,122,25,25,square,311.4883625434504,25,875,triangle,809.0889938690304,875,25,heart,562.4277731406941,star,875.0,875.0,934.8395584270062,triangle,38.5,56.0,41.25,41.5
231,x,156,136,25,25,square,171.7032323516363,25,875,triangle,750.5211522668765,875,25,heart,727.5176973792459,star,875.0,875.0,1031.0586792224776,triangle,29.0,47.5,28.0,23.375
232,x,82,515,25,25,square,493.3041658044254,25,875,triangle,364.4845675745408,875,25,heart,932.1743399171638,star,875.0,875.0,870.8897748854329,triangle,25.75,46.5,27.375,25.75
233,x,418,451,25,25,square,579.5903725908497,25,875,triangle,578.1219594514638,875,25,heart,624.7599539022967,star,875.0,875.0,623.3979467402825,star,30.25,37.25,34.0,53.5
234,x,770,605,25,25,square,944.1530596253978,25,875,triangle,792.4171881023278,875,25,heart,589.4276885250641,star,875.0,875.0,289.69811873741946,star,18.625,23.5,23.625,43.5
235,x,509,226,25,25,square,524.0772843770277,25,875,triangle,809.6029891249167,875,25,heart,417.5607740197827,star,875.0,875.0,745.088585337341,heart,35.25,35.5,53.0,38.25
236,x,762,96,25,25,square,740.412047443854,25,875,triangle,1072.385191990266,875,25,heart,133.4541119636259,star,875.0,875.0,787.1530981962785,heart,19.75,21.5,43.0,20.875
237,x,501,710,25,25,square,834.1468695619495,25,875,triangle,503.7866611969793,875,25,heart,780.4492296107416,star,875.0,875.0,408.77989187336505,triangle,23.5,44.25,25.5,24.625
238,x,694,710,25,25,square,957.489425529076,25,875,triangle,689.0471681967788,875,25,heart,708.509703532704,star,875.0,875.0,244.92039523077696,star,26.875,35.0,31.25,49.75
239,x,158,580,25,25,square,570.713588413663,25,875,triangle,323.5954264200902,875,25,heart,906.7050236984462,star,875.0,875.0,775.3154196841438,triangle,31.5,53.0,35.0,36.0
240,x,772,682,25,25,square,994.8155607950652,25,875,triangle,771.5296494626762,875,25,heart,665.0248115672076,star,875.0,875.0,218.7647137908671,star,20.375,29.75,25.75,47.5
241,x,660,524,25,25,square,807.6051015193007,25,875,triangle,725.5522034974465,875,25,heart,543.3470345920736,star,875.0,875.0,411.61389675277,triangle,27.5,52.5,33.25,37.0
242,x,434,548,25,25,square,663.9352378056161,25,875,triangle,523.6506469011568,875,25,heart,684.1125638372679,star,875.0,875.0,549.0081966601227,star,28.25,34.25,32.25,51.5
243,x,349,98,25,25,square,332.12196554880256,25,875,triangle,841.8461854757079,875,25,heart,531.0414296455598,star,875.0,875.0,938.298992858886,triangle,30.0,49.5,29.375,29.125
244,x,835,690,25,25,square,1048.0100190360777,25,875,triangle,830.8579902727059,875,25,heart,666.2019213421709,star,875.0,875.0,189.274932307477,star,15.5,24.375,21.0,44.25
245,x,138,158,25,25,square,174.52220489095365,25,875,triangle,725.8498467314022,875,25,heart,748.9045333018088,star,875.0,875.0,1028.2305189012825,triangle,30.75,50.5,30.25,29.0
246,x,832,802,25,25,square,1120.258005996833,25,875,triangle,810.2950080063433,875,25,heart,778.1889230771664,star,875.0,875.0,84.72307831990054,star,14.75,20.25,19.0,43.75
247,x,640,110,25,25,square,620.8461967347469,25,875,triangle,981.5548889389732,875,25,heart,249.899979991996,star,875.0,875.0,800.2812005788966,heart,36.0,43.5,58.0,38.0
248,x,446,443,25,25,square,593.2663819904175,25,875,triangle,603.212234623934,875,25,heart,598.9699491627272,star,875.0,875.0,608.8226342704417,star,30.625,32.5,32.0,50.75
249,x,648,137,25,25,square,632.9873616431848,25,875,triangle,965.8017394890112,875,25,heart,253.12645061312736,star,875.0,875.0,772.1223996232721,triangle,33.5,55.75,38.75,36.5
250,x,32,339,25,25,square,314.0780157858872,25,875,triangle,536.0457070064082,875,25,heart,899.5804577690647,star,875.0,875.0,998.9719715787826,triangle,26.375,46.5,26.25,23.5
251,x,484,820,25,25,square,917.9901960260796,25,875,triangle,462.2834628234066,875,25,heart,885.9492084764228,star,875.0,875.0,394.8493383557835,triangle,23.25,45.75,25.75,27.375
252,x,739,26,25,25,square,714.0007002797686,25,875,triangle,1109.3227663759542,875,25,heart,136.0036764208968,star,875.0,875.0,859.8238191629724,heart,26.25,22.75,43.25,19.875
253,x,347,112,25,25,square,333.54609876297457,25,875,triangle,828.1624236826976,875,25,heart,535.1196127969895,star,875.0,875.0,927.8755304457598,triangle,39.0,56.0,38.75,38.25
254,x,841,467,25,25,square,928.0193963490204,25,875,triangle,912.3157348199142,875,25,heart,443.30576355378014,star,875.0,875.0,409.4142156789381,star,29.5,40.0,37.0,53.75
255,x,316,581,25,25,square,627.5484045075726,25,875,triangle,413.66290624130176,875,25,heart,788.4269148120198,star,875.0,875.0,631.5987650399579,star,22.5,35.0,27.75,49.25
256,x,318,372,25,25,square,454.1563607393383,25,875,triangle,582.1151088917037,875,25,heart,656.2453809361251,star,875.0,875.0,750.5051632067564,star,34.5,40.75,39.5,54.5
257,x,416,387,25,25,square,532.8461316365166,25,875,triangle,625.3199181219162,875,25,heart,584.5724933658785,star,875.0,875.0,669.9440275127467,triangle,35.0,55.0,37.25,38.5
258,x,688,689,25,25,square,938.330965065099,25,875,triangle,688.5963984802709,875,25,heart,689.8296891262364,star,875.0,875.0,263.751777245197,triangle,24.625,48.0,29.375,30.25
259,x,723,72,25,25,square,699.5805886386499,25,875,triangle,1063.960995525682,875,25,heart,159.10059710761615,star,875.0,875.0,817.2594447297627,heart,25.5,30.875,46.25,25.75
260,x,254,786,25,25,square,794.7087516820235,25,875,triangle,245.68679248181007,875,25,heart,982.222988938866,star,875.0,875.0,627.3452000294575,triangle,22.625,45.0,25.375,24.875
261,x,684,739,25,25,square,971.636248809193,25,875,triangle,672.8870633323247,875,25,heart,739.1055405014902,star,875.0,875.0,234.47174669882935,star,26.75,39.5,33.0,51.25
262,x,718,703,25,25,square,969.501418255796,25,875,triangle,714.0259098940318,875,25,heart,695.9403710088961,star,875.0,875.0,232.8797973204202,triangle,24.5,46.25,28.25,27.5
263,x,858,664,25,25,square,1049.8618956796174,25,875,triangle,859.3078610137347,875,25,heart,639.2260945862582,star,875.0,875.0,211.68372634664195,star,17.125,29.125,24.875,46.25
264,x,104,770,25,25,square,749.1768816507888,25,875,triangle,131.40015220691336,875,25,heart,1072.1315217826589,star,875.0,875.0,778.1169577897657,triangle,21.125,46.75,24.25,24.25
265,x,548,648,25,25,square,813.423628867517,25,875,triangle,570.138579645335,875,25,heart,703.6035815713277,star,875.0,875.0,398.0678334153615,triangle,29.25,52.5,33.75,35.5
266,x,333,404,25,25,square,488.3697369821353,25,875,triangle,562.7654929009063,875,25,heart,661.366010617419,star,875.0,875.0,718.0564044697325,triangle,32.0,55.0,36.25,39.5
267,x,698,355,25,25,square,749.552533182298,25,875,triangle,850.4875072568674,875,25,heart,374.4716277637066,star,875.0,875.0,549.2986437267072,star,29.875,40.25,38.75,54.0
268,x,125,714,25,25,square,696.2190747171468,25,875,triangle,189.52836199366047,875,25,heart,1018.4404744510108,star,875.0,875.0,767.0860447172794,triangle,23.375,46.75,24.125,24.625
269,x,853,389,25,25,square,904.4777498645282,25,875,triangle,960.0937454228102,875,25,heart,364.6642291204335,star,875.0,875.0,486.49768755873856,star,25.125,34.25,32.5,52.0
270,x,165,648,25,25,square,638.5366081909478,25,875,triangle,266.7002062241422,875,25,heart,944.5787420855924,star,875.0,875.0,745.4052589028333,triangle,22.875,44.75,26.375,25.75
271,x,218,427,25,25,square,445.9293666041742,25,875,triangle,487.80426402400377,875,25,heart,770.2291866710843,star,875.0,875.0,795.2062625507925,star,30.625,37.25,34.75,53.75
272,x,80,378,25,25,square,357.2590096834508,25,875,triangle,500.0339988440786,875,25,heart,869.847113003199,star,875.0,875.0,937.5681308576992,triangle,27.25,48.5,27.5,27.25
273,x,716,493,25,25,square,834.5687509127094,25,875,triangle,789.5600040528902,875,25,heart,494.2721922180126,star,875.0,875.0,413.7692593704854,star,21.875,28.625,28.375,48.0
274,x,61,414,25,25,square,390.6622582231358,25,875,triangle,462.4035034469354,875,25,heart,902.1734866421205,star,875.0,875.0,935.4768837336388,triangle,26.375,46.25,27.0,24.25
275,x,823,121,25,25,square,803.7536936151522,25,875,triangle,1097.8706663355206,875,25,heart,109.17875251164944,star,875.0,875.0,755.7909763949289,heart,22.125,25.875,43.75,23.375
276,x,579,76,25,25,square,556.3425203954844,25,875,triangle,972.2741382963964,875,25,heart,300.3614489244584,star,875.0,875.0,852.0663119734285,heart,32.25,38.0,51.0,31.25
277,x,716,338,25,25,square,758.5842075867386,25,875,triangle,875.128561983895,875,25,heart,351.0697936308392,star,875.0,875.0,560.0446410778341,star,32.0,41.0,36.5,56.0
278,x,866,226,25,25,square,864.6860702012032,25,875,triangle,1062.300334180499,875,25,heart,201.20139164528655,star,875.0,875.0,649.0624006981147,heart,28.25,36.0,51.25,34.25
279,x,337,261,25,25,square,391.2032719699568,25,875,triangle,688.7234568388099,875,25,heart,587.486170049985,star,875.0,875.0,816.3577647085866,triangle,29.875,55.5,35.75,36.0
280,x,594,263,25,25,square,616.769811193771,25,875,triangle,835.6464563438296,875,25,heart,368.2458417959394,star,875.0,875.0,673.4277986540205,heart,32.75,35.75,54.75,38.0
281,x,149,799,25,25,square,783.869887162404,25,875,triangle,145.43727170158274,875,25,heart,1061.2030908360566,star,875.0,875.0,729.9671225473104,triangle,22.25,46.75,24.375,24.875
282,x,77,768,25,25,square,744.8174272934274,25,875,triangle,118.9663818059539,875,25,heart,1090.3453581320002,star,875.0,875.0,805.1416024526369,triangle,20.625,45.75,23.125,24.125
283,x,299,837,25,25,square,856.9830803463975,25,875,triangle,276.6224864323217,875,25,heart,995.5500991913968,star,875.0,875.0,577.2521112997335,triangle,23.0,44.75,25.875,24.625
284,x,438,628,25,25,square,730.8748182828575,25,875,triangle,481.2255188578428,875,25,heart,744.6999395729799,star,875.0,875.0,501.9741029176705,triangle,29.75,53.5,33.0,36.5
285,x,282,668,25,25,square,692.4579409610377,25,875,triangle,329.9969696830563,875,25,heart,874.69880530386,star,875.0,875.0,628.0907577731103,triangle,24.5,47.5,28.125,27.625
286,x,477,146,25,25,square,467.91559067848976,25,875,triangle,857.7557927522262,875,25,heart,415.9867786360524,star,875.0,875.0,830.5690820154576,star,38.75,38.75,38.0,52.25
287,x,603,145,25,25,square,590.3253340320065,25,875,triangle,931.1197559927508,875,25,heart,297.2944668169927,star,875.0,875.0,779.0275989976221,star,37.0,42.75,38.5,56.25
288,x,474,447,25,25,square,616.1858485879078,25,875,triangle,620.3104061677508,875,25,heart,582.1382997192334,star,875.0,875.0,586.5023444113416,star,29.625,35.0,34.0,52.75
289,x,584,441,25,25,square,696.8048507293846,25,875,triangle,707.698382080954,875,25,heart,507.6780475852782,star,875.0,875.0,522.5294250087741,star,28.375,36.0,37.0,54.25
290,x,838,313,25,25,square,862.5039130346019,25,875,triangle,988.3385047644356,875,25,heart,290.36700914532287,star,875.0,875.0,563.2166545832962,star,21.5,27.75,29.0,48.0
291,x,414,266,25,25,square,457.6046328436809,25,875,triangle,722.6354544305171,875,25,heart,520.1941945081663,star,875.0,875.0,763.8075673885406,star,31.625,34.25,35.0,53.5
292,x,217,454,25,25,square,470.0053191188373,25,875,triangle,462.7148149778652,875,25,heart,785.4966581723947,star,875.0,875.0,781.1561943683222,triangle,32.75,53.75,34.75,39.5
293,x,199,282,25,25,square,310.3626910567699,25,875,triangle,618.0008090609591,875,25,heart,723.2046736574647,star,875.0,875.0,899.2357866544236,triangle,26.875,47.25,28.125,26.125
294,x,532,149,25,25,square,521.9434835305448,25,875,triangle,885.5083285887265,875,25,heart,364.72592449673766,star,875.0,875.0,802.9476944359452,star,40.0,42.0,38.5,55.0
295,x,565,377,25,25,square,644.5959975054143,25,875,triangle,734.5774295470832,875,25,heart,469.0458399772884,star,875.0,875.0,586.6037845087602,triangle,33.75,55.5,35.5,34.25
296,x,590,610,25,25,square,813.2957641596322,25,875,triangle,624.0592920548495,875,25,heart,650.7303589045158,star,875.0,875.0,389.1657744458009,triangle,24.75,50.0,30.5,31.0
297,x,152,87,25,25,square,141.32586458253138,25,875,triangle,798.1685285702513,875,25,heart,725.6534985790395,star,875.0,875.0,1069.4264818116296,triangle,41.25,54.5,38.0,29.25
298,x,305,760,25,25,square,786.5271768985481,25,875,triangle,302.6962173533062,875,25,heart,930.1209598756498,star,875.0,875.0,581.4851674806504,triangle,23.125,44.75,25.625,25.875
299,x,352,732,25,25,square,778.9595624934583,25,875,triangle,356.90054637111444,875,25,heart,879.4191264692848,star,875.0,875.0,542.1973810338815,triangle,22.625,43.75,24.375,24.125
300,x,200,425,25,25,square,436.6062299143245,25,875,triangle,482.8301978956992,875,25,heart,784.6177413237608,star,875.0,875.0,811.2490369793976,triangle,34.75,55.0,35.75,36.25
301,x,505,855,25,25,square,958.8013350011564,25,875,triangle,480.41648597857255,875,25,heart,908.7353850269064,star,875.0,875.0,370.5401462729781,triangle,22.25,45.25,25.5,26.0
302,x,730,384,25,25,square,791.1422122475832,25,875,triangle,859.1309562575428,875,25,heart,387.17696212455616,star,875.0,875.0,511.9628892800727,star,35.0,44.25,43.25,56.75
303,x,427,118,25,25,square,412.6172560618375,25,875,triangle,857.119011573072,875,25,heart,457.55109004350544,star,875.0,875.0,879.6323095475746,heart,32.25,36.25,54.5,37.0
304,x,750,345,25,25,square,792.480283666414,25,875,triangle,898.0673694105582,875,25,heart,343.5476677260377,star,875.0,875.0,544.5410911951457,triangle,35.0,56.5,41.25,39.75
305,x,230,658,25,25,square,665.3675675895241,25,875,triangle,298.5196810932237,875,25,heart,903.7223024801368,star,875.0,875.0,680.5247974908776,triangle,26.0,48.25,28.625,28.625
306,x,824,429,25,25,square,895.3306651734878,25,875,triangle,915.0502718430284,875,25,heart,407.2063359035564,star,875.0,875.0,448.90644905147,star,22.125,30.75,31.0,50.25
307,x,653,393,25,25,square,727.8791108419035,25,875,triangle,791.6489120816121,875,25,heart,429.77668619877466,star,875.0,875.0,530.6675041869438,star,30.25,37.25,34.25,55.0
308,x,697,438,25,25,square,788.7667589344774,25,875,triangle,801.594036903968,875,25,heart,449.7254718158624,star,875.0,875.0,471.8612084077266,star,29.25,34.75,35.5,53.5
309,x,172,351,25,25,square,357.61012289922667,25,875,triangle,544.2288121737033,875,25,heart,774.9096721554067,star,875.0,875.0,876.803854918533,triangle,24.0,47.75,26.625,26.875
310,x,713,315,25,25,square,746.621724837953,25,875,triangle,887.0986416402632,875,25,heart,332.1806737304264,star,875.0,875.0,582.9614052405185,star,30.125,37.75,37.25,54.5
311,x,699,644,25,25,square,915.115839661843,25,875,triangle,712.4864911000068,875,25,heart,643.5347698454218,star,875.0,875.0,290.4083332137699,triangle,29.0,52.75,35.75,37.25
312,x,721,680,25,25,square,955.741073722376,25,875,triangle,722.8008024345297,875,25,heart,672.8603123977517,star,875.0,875.0,248.47736315407084,star,25.25,37.5,31.25,50.25
313,x,99,322,25,25,square,306.08005488760614,25,875,triangle,557.9292069788066,875,25,heart,830.8940967415763,star,875.0,875.0,952.8824691429684,triangle,24.5,47.25,25.875,25.375
314,x,225,52,25,25,square,201.8142710513803,25,875,triangle,846.9527731815983,875,25,heart,650.5605275452854,star,875.0,875.0,1048.7273239503202,triangle,43.5,56.5,38.5,28.625
315,x,860,374,25,25,square,905.0005524860192,25,875,triangle,973.7689664391652,875,25,heart,349.3222008404276,star,875.0,875.0,501.2245005982848,star,23.75,31.375,31.125,49.5
316,x,664,62,25,25,square,640.0703086380433,25,875,triangle,1034.06479487506,875,25,heart,214.2195135836136,star,875.0,875.0,839.9345212574609,heart,25.0,27.625,47.0,24.125
317,x,61,108,25,25,square,90.47098982546837,25,875,triangle,767.8443852760793,875,25,heart,818.220630392561,star,875.0,875.0,1118.4297027529267,square,54.25,37.5,24.5,17.375
318,x,869,422,25,25,square,932.7084217481904,25,875,triangle,957.8856925541794,875,25,heart,397.0453374616053,star,875.0,875.0,453.0397333567995,star,19.875,28.375,31.625,49.0
319,x,456,429,25,25,square,590.7427528120849,25,875,triangle,620.2233468678844,875,25,heart,582.045530865069,star,875.0,875.0,611.9452589897237,star,27.375,35.5,31.875,52.25
320,x,864,661,25,25,square,1052.813848693111,25,875,triangle,865.8619982422141,875,25,heart,636.0951186733004,star,875.0,875.0,214.28252378577213,star,16.0,23.375,21.625,43.5
321,x,836,316,25,25,square,861.6275297366026,25,875,triangle,984.9883248039034,875,25,heart,293.6017711118242,star,875.0,875.0,560.3588136185599,star,29.0,35.75,35.25,53.25
322,x,576,480,25,25,square,714.5809961089086,25,875,triangle,677.9572257893561,875,25,heart,544.45018137567,star,875.0,875.0,495.40488491737744,triangle,27.875,50.25,31.375,29.5
323,x,681,772,25,25,square,994.155420444912,25,875,triangle,664.0368965652435,875,25,heart,771.7804091838559,star,875.0,875.0,219.64744478368056,triangle,27.25,51.25,31.25,34.0
324,x,716,507,25,25,square,842.4992581599108,25,875,triangle,782.8824943757525,875,25,heart,507.54802728411823,star,875.0,875.0,400.8802813808632,star,30.875,41.75,37.25,53.75
325,x,406,718,25,25,square,790.8286792978615,25,875,triangle,412.0800893030383,875,25,heart,836.785516127042,star,875.0,875.0,494.5806304335017,triangle,23.75,45.75,27.0,26.5
326,x,432,318,25,25,square,501.49576269396334,25,875,triangle,689.8536076589004,875,25,heart,531.1289862170959,star,875.0,875.0,711.6867288350963,star,31.875,36.0,37.5,55.0
327,x,531,236,25,25,square,548.2307908171521,25,875,triangle,815.0809775721674,875,25,heart,403.5554484826094,star,875.0,875.0,725.7113751347708,heart,33.5,32.25,53.0,36.75
328,x,627,693,25,25,square,899.2374547359557,25,875,triangle,628.9101684660536,875,25,heart,712.5503490982234,star,875.0,875.0,307.6166445431716,triangle,22.125,46.0,26.125,26.75
329,x,156,689,25,25,square,676.7990839237299,25,875,triangle,227.50164834567684,875,25,heart,978.7016910172374,star,875.0,875.0,742.6688360231632,triangle,22.75,45.0,24.5,21.625
330,x,32,708,25,25,square,683.0358702147348,25,875,triangle,167.14664220378464,875,25,heart,1084.959907093345,star,875.0,875.0,859.3823363323219,triangle,23.25,43.5,24.125,21.5
331,x,452,798,25,25,square,883.0956913041757,25,875,triangle,433.8870820847286,875,25,heart,881.1685423345525,star,875.0,875.0,429.951160017042,triangle,23.0,45.0,25.5,25.375
332,x,323,196,25,25,square,343.57677453518306,25,875,triangle,741.5153403672779,875,25,heart,577.8797452757797,star,875.0,875.0,875.0685687419015,triangle,34.0,56.0,37.25,37.25
333,x,570,154,25,25,square,560.0589254712401,25,875,triangle,903.8063951975556,875,25,heart,331.15857228826195,star,875.0,875.0,782.8575860269862,triangle,35.5,57.25,38.75,41.25
334,x,463,830,25,25,square,916.4436698455612,25,875,triangle,440.30557570850726,875,25,heart,904.3058111059556,star,875.0,875.0,414.45023826751503,triangle,23.75,47.5,26.625,28.5
335,x,627,231,25,25,square,636.2703827776364,25,875,triangle,881.5554435201452,875,25,heart,322.39727045990946,star,875.0,875.0,690.1014418185199,star,33.25,41.0,38.0,55.75
336,x,774,368,25,25,square,823.8021607157874,25,875,triangle,904.461165556598,875,25,heart,357.56118357562247,star,875.0,875.0,516.9622810225133,star,27.0,35.75,34.25,53.25
337,x,514,27,25,25,square,489.004089962446,25,875,triangle,978.889677134252,875,25,heart,361.005540123694,star,875.0,875.0,921.6425554410994,heart,40.25,35.0,50.25,30.75
338,x,591,26,25,25,square,566.0008833915367,25,875,triangle,1020.371010956309,875,25,heart,284.0017605579233,star,875.0,875.0,895.2413082515798,heart,27.5,29.25,47.0,24.875
339,x,404,273,25,25,square,452.9293543147761,25,875,triangle,711.3683996355194,875,25,heart,532.3016062346609,star,875.0,875.0,764.3592087493943,star,31.5,33.25,34.75,51.5
340,x,775,868,25,25,square,1128.3390447910592,25,875,triangle,750.0326659552902,875,25,heart,848.9104782013236,star,875.0,875.0,100.24470060806208,star,17.25,24.0,22.0,43.5
341,x,123,94,25,25,square,119.85407794480751,25,875,triangle,787.1245136571468,875,25,heart,755.1589236710377,star,875.0,875.0,1084.1886367233333,square,43.25,23.875,20.375,13.5625
342,x,386,345,25,25,square,482.4116499422459,25,875,triangle,641.2651557663179,875,25,heart,584.3979808315563,star,875.0,875.0,721.1248158259428,star,28.25,31.875,35.0,53.0
343,x,289,349,25,25,square,417.937794414432,25,875,triangle,588.5337713334724,875,25,heart,669.6058542157468,star,875.0,875.0,787.4465061196221,heart,30.125,35.75,53.5,38.5
344,x,259,196,25,25,square,289.82235938588315,25,875,triangle,718.1900862585057,875,25,heart,639.2941420035069,star,875.0,875.0,916.7862346261531,triangle,35.25,57.0,35.5,36.0
345,x,346,485,25,25,square,560.9286942205756,25,875,triangle,505.1148384278569,875,25,heart,701.0285300898959,star,875.0,875.0,657.2221846529528,triangle,23.625,43.25,25.25,23.0
346,x,444,403,25,25,square,564.309312345632,25,875,triangle,631.1457834763693,875,25,heart,573.2756753953546,star,875.0,875.0,639.1752498337213,star,27.125,33.75,33.5,51.25
347,x,553,186,25,25,square,552.0009057963583,25,875,triangle,868.0466577321752,875,25,heart,360.00694437746614,star,875.0,875.0,760.5294208641767,triangle,39.5,56.5,41.5,40.25
348,x,309,364,25,25,square,442.2408845866696,25,875,triangle,584.6169686213359,875,25,heart,659.7552576524116,star,875.0,875.0,762.5463920313308,star,29.875,41.5,37.25,54.25
349,x,479,75,25,25,square,456.7450054461461,25,875,triangle,919.8456392243212,875,25,heart,399.1440842603082,star,875.0,875.0,892.6455063461643,triangle,43.25,55.75,40.5,35.75
350,x,821,395,25,25,square,877.7904077853665,25,875,triangle,929.5246096795933,875,25,heart,373.9197774924456,star,875.0,875.0,483.0279495018896,triangle,33.5,55.5,37.0,40.75
351,x,285,32,25,25,square,260.09421369957465,25,875,triangle,882.1842211239101,875,25,heart,590.0415239625089,star,875.0,875.0,1028.9552954331884,triangle,40.0,52.0,38.75,30.25
352,x,205,628,25,25,square,629.2924598308803,25,875,triangle,305.62885989382613,875,25,heart,901.3928111539386,star,875.0,875.0,714.07912726812,triangle,27.25,50.25,30.0,30.5
353,x,654,52,25,25,square,629.5792245619291,25,875,triangle,1035.8426521436545,875,25,heart,222.64321233758733,star,875.0,875.0,852.1560889883965,heart,30.875,30.5,48.75,28.5
354,x,338,415,25,25,square,500.0689952396569,25,875,triangle,556.3892522326433,875,25,heart,663.6783859671791,star,875.0,875.0,707.0848605365554,triangle,29.625,53.75,33.25,33.25
355,x,435,490,25,25,square,619.9395131785036,25,875,triangle,562.4277731406941,875,25,heart,640.1757571167468,star,875.0,875.0,584.6580197004057,triangle,25.625,48.25,29.375,28.625
356,x,160,873,25,25,square,858.6786360449408,25,875,triangle,135.0148140020198,875,25,heart,1109.201965378713,star,875.0,875.0,715.0027971973257,triangle,22.875,45.0,25.5,26.375
357,x,391,133,25,25,square,381.6018867877883,25,875,triangle,827.3572384405662,875,25,heart,495.90321636383845,star,875.0,875.0,885.9006716331126,heart,39.0,37.0,54.0,37.25
358,x,393,94,25,25,square,374.4128737102933,25,875,triangle,863.3568207873266,875,25,heart,486.9137500625753,star,875.0,875.0,917.7608620986188,triangle,40.0,55.75,39.25,39.5
359,x,113,277,25,25,square,266.92320993124594,25,875,triangle,604.4402369134602,875,25,heart,802.5883128977147,star,875.0,875.0,968.6320250745378,triangle,26.5,48.25,28.5,26.125
360,x,92,598,25,25,square,576.9038048063126,25,875,triangle,284.98771903364536,875,25,heart,970.266973569646,star,875.0,875.0,830.552827940523,triangle,24.125,44.75,25.875,24.0
361,x,134,680,25,25,square,664.0075300777846,25,875,triangle,223.39650847763937,875,25,heart,988.9924165533324,star,875.0,875.0,766.2284254711515,triangle,22.375,44.25,24.5,22.75
362,x,731,725,25,25,square,994.2011868832184,25,875,triangle,721.7589625352774,875,25,heart,714.6579601459708,star,875.0,875.0,207.9326814139615,triangle,24.25,48.25,28.75,31.0
363,x,300,576,25,25,square,615.8132833903471,25,875,triangle,406.2339227587967,875,25,heart,796.3830736523724,star,875.0,875.0,648.0941289658471,triangle,26.125,49.0,31.5,34.0
364,x,551,400,25,25,square,645.9883899885508,25,875,triangle,708.7319662608708,875,25,heart,495.581476651418,star,875.0,875.0,574.9791300560395,triangle,34.5,55.75,38.5,37.75
365,x,71,699,25,25,square,675.5679092437709,25,875,triangle,181.91206666958627,875,25,heart,1049.138694358377,star,875.0,875.0,823.0382737151414,triangle,25.5,44.5,26.375,22.0
366,x,552,638,25,25,square,808.3922315312042,25,875,triangle,577.8390779447163,875,25,heart,692.8910448259525,star,875.0,875.0,400.622016369545,star,23.75,32.5,29.875,49.75
367,x,43,189,25,25,square,164.98484778912274,25,875,triangle,686.236110970561,875,25,heart,848.0094339097885,star,875.0,875.0,1078.3413188782113,triangle,39.5,52.25,36.0,27.125
368,x,823,225,25,25,square,822.6809831277249,25,875,triangle,1029.22495111613,875,25,heart,206.64946164943183,star,875.0,875.0,652.0766826071915,heart,23.25,30.5,49.25,30.625
369,x,171,506,25,25,square,502.6698717846536,25,875,triangle,396.83371832544674,875,25,heart,852.6294623105631,star,875.0,875.0,794.8440098535058,triangle,28.0,49.5,30.5,29.125
370,x,541,601,25,25,square,773.3252873144651,25,875,triangle,584.2362535824013,875,25,heart,665.8318105948379,star,875.0,875.0,432.00925916003234,triangle,23.625,45.5,27.125,27.875
371,x,790,293,25,25,square,810.5855907922371,25,875,triangle,961.2226589089544,875,25,heart,281.1565400270817,star,875.0,875.0,588.1742938959505,star,32.25,42.25,40.0,54.75
372,x,873,246,25,25,square,876.32471150824,25,875,triangle,1055.8148511931436,875,25,heart,221.00904958847272,star,875.0,875.0,629.0031796422018,heart,26.25,33.75,51.25,33.5
373,x,371,119,25,25,square,358.54148992829266,25,875,triangle,831.4156601844832,875,25,heart,512.6909400408788,star,875.0,875.0,908.5989214169254,star,35.75,43.25,41.25,56.25
374,x,461,710,25,25,square,811.9858373149128,25,875,triangle,466.1770050098996,875,25,heart,800.3880308950153,star,875.0,875.0,445.66915980354753,triangle,29.375,52.25,33.0,34.5
375,x,774,672,25,25,square,989.7524943136036,25,875,triangle,776.0219069072729,875,25,heart,654.8358572955516,star,875.0,875.0,226.73773395709856,star,17.75,23.5,21.875,42.5
376,x,461,295,25,25,square,512.831356295615,25,875,triangle,725.600441014199,875,25,heart,494.2630878388553,star,875.0,875.0,712.5980634270627,star,30.375,34.75,38.0,54.75
377,x,828,104,25,25,square,806.8766944211488,25,875,triangle,1113.2160616879366,875,25,heart,91.92388155425118,star,875.0,875.0,772.4312267121261,heart,18.25,20.125,42.75,20.375
378,x,221,567,25,25,square,576.3505877501991,25,875,triangle,365.0753346913483,875,25,heart,849.3997880856812,star,875.0,875.0,722.8969497791508,star,27.875,35.75,30.75,51.0
379,x,424,381,25,25,square,534.7307733803993,25,875,triangle,635.0094487485993,875,25,heart,574.5754954747026,star,875.0,875.0,668.907317944721,triangle,36.0,54.0,38.5,38.5
380,x,591,169,25,25,square,584.030821104503,25,875,triangle,904.871261561555,875,25,heart,318.4211048281819,star,875.0,875.0,760.9809458849808,star,36.75,40.25,38.25,54.5
381,x,554,769,25,25,square,912.894846080314,25,875,triangle,539.5155234096605,875,25,heart,810.2943909468953,star,875.0,875.0,338.04881304332366,triangle,27.625,51.75,30.75,33.25
382,x,359,199,25,25,square,376.6058948025111,25,875,triangle,754.0106100049256,875,25,heart,544.5475185876803,star,875.0,875.0,850.4304792280201,star,36.0,36.25,37.0,53.75
383,x,275,546,25,25,square,577.8762843377465,25,875,triangle,413.2081799771152,875,25,heart,794.6326195167173,star,875.0,875.0,684.2813748744006,triangle,28.0,51.5,31.125,31.875
384,x,405,45,25,25,square,380.52595180880894,25,875,triangle,912.8526715741156,875,25,heart,470.425339453563,star,875.0,875.0,953.8343671728336,heart,37.75,35.5,53.5,32.0
385,x,539,240,25,25,square,557.1543771702776,25,875,triangle,816.9583832729792,875,25,heart,398.8997367760475,star,875.0,875.0,718.4156178703245,triangle,39.5,56.75,39.0,39.25
386,x,486,745,25,25,square,854.9391791232871,25,875,triangle,478.979122718308,875,25,heart,818.3648330665242,star,875.0,875.0,410.1475344312093,triangle,22.5,45.25,25.625,23.625
387,x,622,840,25,25,square,1010.2643218484952,25,875,triangle,598.0250830859857,875,25,heart,853.3662754058189,star,875.0,875.0,255.4094751570505,star,23.625,37.75,29.625,50.25
388,x,82,466,25,25,square,444.6684157886638,25,875,triangle,412.9527818044092,875,25,heart,907.3753357899916,star,875.0,875.0,892.2611725274164,triangle,24.5,48.0,27.375,24.625
389,x,400,69,25,25,square,377.5725095925285,25,875,triangle,888.966253577716,875,25,heart,477.0335417976392,star,875.0,875.0,935.5538466598276,triangle,39.5,56.25,38.75,38.5
390,x,722,553,25,25,square,874.4100868585632,25,875,triangle,767.7844749667709,875,25,heart,549.7208382442856,star,875.0,875.0,356.50105189185626,star,28.0,37.5,32.0,52.75
391,x,775,408,25,25,square,842.133599852185,25,875,triangle,883.5094792926673,875,25,heart,395.8396139852604,star,875.0,875.0,477.5866413542154,star,20.0,27.375,26.25,49.25
392,x,795,202,25,25,square,790.0816413510695,25,875,triangle,1022.6578117826118,875,25,heart,194.23954283306992,star,875.0,875.0,677.7381500255095,heart,31.625,38.25,54.75,36.75
393,x,278,115,25,25,square,268.53118999475646,25,875,triangle,801.0049937422363,875,25,heart,603.7458074388592,star,875.0,875.0,966.441410536614,triangle,37.0,54.0,33.5,32.75
394,x,228,624,25,25,square,632.4634376784163,25,875,triangle,322.8157369150395,875,25,heart,881.708568632516,star,875.0,875.0,693.9812677587198,triangle,33.75,54.25,35.0,36.25
395,x,148,683,25,25,square,669.3974902851071,25,875,triangle,228.0197359879184,875,25,heart,980.5574944897418,star,875.0,875.0,751.9261931865387,triangle,23.875,45.5,25.25,23.25
396,x,636,869,25,25,square,1041.948655164927,25,875,triangle,611.0294591916171,875,25,heart,877.1869812075416,star,875.0,875.0,239.0753019448057,star,19.125,29.75,26.5,46.75
397,x,822,278,25,25,square,836.1925615550523,25,875,triangle,995.8001807591722,875,25,heart,258.4917793663853,star,875.0,875.0,599.3479790572418,heart,33.0,40.25,56.75,38.25
398,x,563,339,25,25,square,622.9285673333661,25,875,triangle,759.4339997656149,875,25,heart,442.6511041441103,star,875.0,875.0,620.1935181860578,square,49.0,32.0,35.25,36.0
399,x,73,321,25,25,square,299.866637023861,25,875,triangle,556.0755344375439,875,25,heart,854.8801085532403,star,875.0,875.0,974.7409912381852,triangle,23.75,46.0,25.875,23.125
